-- MySQL dump 10.16  Distrib 10.1.21-MariaDB, for Linux (x86_64)
--
-- Host: 142.103.74.210    Database: 142.103.74.210
-- ------------------------------------------------------
-- Server version	5.7.26

/*!40101 SET @OLD_CHARACTER_SET_CLIENT=@@CHARACTER_SET_CLIENT */;
/*!40101 SET @OLD_CHARACTER_SET_RESULTS=@@CHARACTER_SET_RESULTS */;
/*!40101 SET @OLD_COLLATION_CONNECTION=@@COLLATION_CONNECTION */;
/*!40101 SET NAMES utf8 */;
/*!40103 SET @OLD_TIME_ZONE=@@TIME_ZONE */;
/*!40103 SET TIME_ZONE='+00:00' */;
/*!40014 SET @OLD_UNIQUE_CHECKS=@@UNIQUE_CHECKS, UNIQUE_CHECKS=0 */;
/*!40014 SET @OLD_FOREIGN_KEY_CHECKS=@@FOREIGN_KEY_CHECKS, FOREIGN_KEY_CHECKS=0 */;
/*!40101 SET @OLD_SQL_MODE=@@SQL_MODE, SQL_MODE='NO_AUTO_VALUE_ON_ZERO' */;
/*!40111 SET @OLD_SQL_NOTES=@@SQL_NOTES, SQL_NOTES=0 */;

--
-- Table structure for table `audit`
--

DROP TABLE IF EXISTS `audit`;
/*!40101 SET @saved_cs_client     = @@character_set_client */;
/*!40101 SET character_set_client = utf8 */;
CREATE TABLE `audit` (
  `id` int(11) NOT NULL AUTO_INCREMENT,
  `user` int(11) NOT NULL,
  `page` varchar(255) NOT NULL,
  `timestamp` timestamp NOT NULL DEFAULT CURRENT_TIMESTAMP ON UPDATE CURRENT_TIMESTAMP,
  `ip` varchar(255) NOT NULL,
  `viewed` int(1) NOT NULL,
  PRIMARY KEY (`id`)
) ENGINE=InnoDB AUTO_INCREMENT=548 DEFAULT CHARSET=latin1;
/*!40101 SET character_set_client = @saved_cs_client */;

--
-- Dumping data for table `audit`
--

LOCK TABLES `audit` WRITE;
/*!40000 ALTER TABLE `audit` DISABLE KEYS */;
INSERT INTO `audit` VALUES (1,1,'42','2017-02-20 17:31:13','::1',0),(2,0,'3','2017-06-13 22:24:51','206.87.115.93',0),(3,0,'3','2017-06-13 22:24:55','206.87.115.93',0),(4,0,'3','2017-06-13 22:25:46','206.87.115.93',0),(5,0,'4','2017-06-13 22:26:31','206.87.115.93',0),(6,0,'4','2017-06-13 22:26:38','206.87.115.93',0),(7,0,'4','2017-06-14 22:42:57','206.87.117.95',0),(8,0,'44','2017-06-15 18:20:14','142.103.74.210',0),(9,0,'44','2017-06-15 20:38:08','192.168.0.100',0),(10,0,'44','2017-06-15 20:38:10','192.168.0.100',0),(11,0,'44','2017-06-15 20:38:18','192.168.0.100',0),(12,0,'44','2017-06-15 20:38:19','192.168.0.100',0),(13,0,'44','2017-06-15 20:38:21','192.168.0.100',0),(14,0,'44','2017-06-15 20:38:25','192.168.0.100',0),(15,0,'44','2017-06-15 20:38:28','192.168.0.100',0),(16,0,'44','2017-06-15 20:38:33','192.168.0.100',0),(17,0,'44','2017-06-15 20:38:39','192.168.0.100',0),(18,0,'44','2017-06-15 20:38:51','192.168.0.100',0),(19,0,'44','2017-06-15 20:44:25','192.168.0.100',0),(20,0,'44','2017-06-15 20:44:28','192.168.0.100',0),(21,0,'44','2017-06-15 20:44:30','192.168.0.100',0),(22,0,'44','2017-06-15 20:45:47','192.168.0.100',0),(23,0,'44','2017-06-15 20:45:50','192.168.0.100',0),(24,0,'44','2017-06-15 20:45:55','192.168.0.100',0),(25,0,'44','2017-06-15 20:45:59','192.168.0.100',0),(26,0,'44','2017-06-15 20:46:00','192.168.0.100',0),(27,0,'44','2017-06-15 20:46:05','192.168.0.100',0),(28,0,'44','2017-06-15 20:46:29','192.168.0.100',0),(29,0,'44','2017-06-15 20:47:30','192.168.0.100',0),(30,0,'44','2017-06-15 20:48:05','192.168.0.100',0),(31,0,'44','2017-06-15 20:48:29','192.168.0.100',0),(32,0,'44','2017-06-15 20:48:59','192.168.0.100',0),(33,0,'44','2017-06-15 20:49:03','192.168.0.100',0),(34,0,'44','2017-06-15 20:49:09','192.168.0.100',0),(35,0,'44','2017-06-15 20:49:27','192.168.0.100',0),(36,0,'44','2017-06-15 21:21:09','192.168.0.100',0),(37,0,'44','2017-06-15 21:21:14','192.168.0.100',0),(38,0,'44','2017-06-15 21:24:19','192.168.0.100',0),(39,0,'3','2017-06-15 21:25:07','192.168.0.100',0),(40,0,'44','2017-06-15 21:43:19','192.168.0.100',0),(41,2,'47','2017-06-15 22:24:15','192.168.0.100',0),(42,0,'44','2017-06-16 02:06:46','142.103.74.210',0),(43,2,'47','2017-06-16 02:06:57','142.103.74.210',0),(44,2,'47','2017-06-16 02:07:01','142.103.74.210',0),(45,2,'47','2017-06-16 02:07:11','142.103.74.210',0),(46,0,'44','2017-06-16 18:04:59','142.103.74.210',0),(47,0,'44','2017-06-16 23:29:46','192.168.0.100',0),(48,0,'44','2017-06-17 00:21:22','192.168.0.100',0),(49,0,'44','2017-06-17 00:24:20','142.103.74.210',0),(50,0,'44','2017-06-17 00:38:55','142.103.74.210',0),(51,0,'47','2017-06-17 05:09:51','24.80.231.91',0),(52,0,'44','2017-06-17 06:57:59','24.80.231.91',0),(53,0,'44','2017-06-19 15:36:53','24.80.231.91',0),(54,0,'44','2017-06-19 15:40:17','24.80.231.91',0),(55,0,'44','2017-06-19 19:26:40','192.168.0.100',0),(56,0,'47','2017-06-22 19:10:37','209.139.228.161',0),(57,0,'48','2017-06-23 00:48:29','142.103.74.210',0),(58,0,'48','2017-06-23 17:33:21','192.168.0.100',0),(59,0,'44','2017-06-24 01:44:00','24.80.231.91',0),(60,0,'48','2017-06-24 03:44:32','24.80.231.91',0),(61,0,'48','2017-06-24 07:21:36','24.80.231.91',0),(62,0,'48','2017-06-24 16:23:34','24.80.231.91',0),(63,0,'48','2017-06-25 14:17:32','24.80.231.91',0),(64,2,'48','2017-06-26 18:38:49','142.103.74.210',0),(65,2,'48','2017-06-26 18:38:52','142.103.74.210',0),(66,2,'48','2017-06-26 18:39:12','142.103.74.210',0),(67,2,'48','2017-06-26 18:39:16','142.103.74.210',0),(68,2,'48','2017-06-26 18:39:28','142.103.74.210',0),(69,0,'48','2017-06-27 17:23:39','142.103.74.210',0),(70,0,'48','2017-06-27 17:23:46','142.103.74.210',0),(71,0,'48','2017-06-28 19:24:08','192.168.0.103',0),(72,0,'48','2017-07-04 16:53:33','206.87.114.118',0),(73,0,'48','2017-07-04 16:55:01','142.103.74.210',0),(74,0,'48','2017-07-06 17:47:12','142.103.74.210',0),(75,0,'48','2017-07-09 15:57:04','24.80.231.91',0),(76,0,'48','2017-07-11 21:02:29','206.87.154.207',0),(77,0,'48','2017-07-12 00:23:45','206.87.119.137',0),(78,0,'48','2017-07-18 00:06:32','24.80.231.91',0),(79,0,'48','2017-07-19 06:19:17','24.80.231.91',0),(80,0,'48','2017-07-20 06:30:19','69.172.150.225',0),(81,0,'48','2017-08-08 18:48:35','128.189.203.113',0),(82,0,'48','2017-08-09 21:57:14','206.87.117.61',0),(83,0,'48','2017-08-09 21:58:28','206.87.117.61',0),(84,0,'48','2017-08-09 21:58:28','206.87.117.61',0),(85,0,'48','2017-08-09 21:58:28','206.87.117.61',0),(86,0,'48','2017-08-12 07:06:17','24.80.231.91',0),(87,0,'48','2017-08-17 17:24:03','206.87.117.113',0),(88,0,'48','2017-08-17 21:01:51','142.103.74.210',0),(89,0,'48','2017-08-17 21:02:07','142.103.74.210',0),(90,0,'48','2017-09-15 23:12:29','206.87.223.154',0),(91,0,'48','2017-09-15 23:12:38','206.87.223.154',0),(92,0,'48','2017-09-15 23:13:37','206.87.223.154',0),(93,0,'48','2017-09-15 23:13:51','206.87.223.154',0),(94,0,'48','2017-09-15 23:20:15','206.87.223.154',0),(95,0,'48','2017-09-15 23:20:29','206.87.223.154',0),(96,0,'48','2017-09-15 23:27:49','206.87.223.154',0),(97,0,'48','2017-09-15 23:28:05','206.87.223.154',0),(98,0,'48','2017-09-15 23:28:13','206.87.223.154',0),(99,0,'48','2017-09-15 23:31:46','206.87.223.154',0),(100,0,'50','2017-09-18 19:15:21','142.103.74.210',0),(101,0,'50','2017-09-18 19:31:02','142.103.74.210',0),(102,0,'54','2017-09-21 17:32:23','192.168.0.102',0),(103,0,'54','2017-09-21 23:22:04','142.103.74.210',0),(104,0,'50','2017-10-28 09:51:54','24.80.231.91',0),(105,0,'50','2017-10-28 14:44:27','24.80.231.91',0),(106,0,'50','2017-10-29 05:53:47','24.80.231.91',0),(107,0,'50','2017-10-29 05:53:50','24.80.231.91',0),(108,0,'50','2017-10-29 05:53:52','24.80.231.91',0),(109,0,'50','2017-10-29 05:53:53','24.80.231.91',0),(110,0,'50','2017-10-30 04:29:30','24.80.231.91',0),(111,0,'50','2017-10-30 04:29:38','24.80.231.91',0),(112,0,'50','2017-10-30 04:29:43','24.80.231.91',0),(113,0,'50','2017-10-30 14:05:53','69.172.169.196',0),(114,0,'50','2017-10-31 18:02:11','142.103.74.208',0),(115,0,'50','2017-11-07 16:00:59','24.80.231.91',0),(116,0,'50','2017-11-22 06:55:39','24.80.231.91',0),(117,0,'50','2017-11-23 16:11:11','24.80.231.91',0),(118,0,'50','2017-11-25 17:51:23','24.80.231.91',0),(119,0,'50','2017-11-26 03:59:43','24.80.231.91',0),(120,0,'50','2017-11-26 03:59:43','24.80.231.91',0),(121,0,'50','2017-11-27 07:47:28','24.80.231.91',0),(122,0,'50','2017-11-30 07:35:30','24.80.231.91',0),(123,0,'50','2017-12-05 07:41:02','24.80.231.91',0),(124,0,'50','2017-12-06 06:41:10','24.80.231.91',0),(125,0,'50','2017-12-06 06:41:11','24.80.231.91',0),(126,0,'50','2017-12-07 18:24:26','206.87.215.177',0),(127,0,'50','2017-12-08 16:22:56','24.80.231.91',0),(128,0,'50','2017-12-10 04:00:54','24.80.231.91',0),(129,0,'50','2017-12-10 04:00:59','24.80.231.91',0),(130,0,'50','2017-12-11 06:55:41','24.80.231.91',0),(131,0,'53','2017-12-19 22:31:39','142.103.74.210',0),(132,0,'50','2018-01-06 04:15:33','69.172.167.27',0),(133,0,'50','2018-01-11 03:30:34','70.79.104.19',0),(134,0,'50','2018-01-22 22:44:02','142.103.74.210',0),(135,0,'50','2018-01-26 16:13:54','70.79.104.19',0),(136,0,'50','2018-01-29 07:40:17','70.79.104.19',0),(137,0,'50','2018-02-04 03:40:04','69.172.167.27',0),(138,0,'50','2018-02-28 03:11:59','70.79.104.19',0),(139,0,'50','2018-03-01 16:56:54','70.42.131.170',0),(140,0,'50','2018-03-01 23:50:45','142.103.74.199',0),(141,0,'50','2018-03-02 23:16:48','70.42.131.170',0),(142,0,'50','2018-03-03 05:28:51','70.79.104.19',0),(143,0,'50','2018-03-03 06:56:29','70.79.104.19',0),(144,0,'50','2018-03-20 04:31:03','70.79.104.19',0),(145,0,'50','2018-03-21 03:03:25','69.172.167.27',0),(146,0,'50','2018-03-23 14:26:12','70.79.104.19',0),(147,0,'50','2018-03-24 06:23:59','70.79.104.19',0),(148,0,'48','2018-03-28 22:47:30','142.103.74.210',0),(149,0,'50','2018-04-03 23:23:26','209.139.228.161',0),(150,0,'50','2018-04-04 16:35:56','70.42.131.170',0),(151,0,'50','2018-04-05 23:05:34','70.42.131.170',0),(152,0,'50','2018-04-10 07:02:56','70.79.104.19',0),(153,0,'50','2018-04-10 15:44:19','70.79.104.19',0),(154,0,'50','2018-04-17 00:13:05','128.189.83.120',0),(155,0,'50','2018-06-01 16:29:29','209.139.228.161',0),(156,0,'50','2018-06-03 09:17:17','70.42.131.170',0),(157,0,'50','2018-06-03 18:15:36','70.42.131.170',0),(158,0,'50','2018-06-11 16:25:13','209.139.228.161',0),(159,0,'50','2018-06-19 07:53:29','193.62.205.118',0),(160,0,'50','2018-06-19 07:53:41','193.62.205.118',0),(161,0,'50','2018-06-19 13:01:42','193.62.205.118',0),(162,0,'50','2018-06-20 13:26:12','70.42.131.170',0),(163,0,'50','2018-06-20 20:53:20','195.171.221.2',0),(164,0,'50','2018-06-21 21:24:38','70.42.131.170',0),(165,0,'50','2018-06-27 16:10:56','85.115.34.100',0),(166,0,'50','2018-06-27 20:03:03','208.80.194.35',0),(167,0,'53','2018-07-09 12:49:51','68.149.138.139',0),(168,0,'53','2018-07-09 14:09:55','142.244.4.198',0),(169,0,'53','2018-07-09 16:02:21','142.244.4.197',0),(170,0,'50','2018-07-09 21:30:44','209.139.228.161',0),(171,0,'50','2018-07-09 21:32:10','209.139.228.161',0),(172,0,'53','2018-07-10 06:44:50','68.149.138.139',0),(173,0,'53','2018-07-10 12:33:32','68.149.138.139',0),(174,0,'53','2018-07-10 15:19:25','142.244.4.200',0),(175,0,'50','2018-07-23 16:19:24','209.139.228.161',0),(176,0,'50','2018-07-24 17:08:17','70.42.131.170',0),(177,0,'50','2018-07-24 21:24:11','206.87.208.137',0),(178,0,'50','2018-07-25 05:26:24','50.67.16.212',0),(179,0,'50','2018-07-25 16:23:50','209.139.228.161',0),(180,0,'50','2018-07-25 17:31:47','70.42.131.170',0),(181,0,'50','2018-07-25 21:54:18','70.42.131.170',0),(182,0,'50','2018-07-26 17:29:30','70.42.131.170',0),(183,0,'50','2018-07-26 20:02:29','70.42.131.170',0),(184,0,'50','2018-07-26 23:05:15','70.42.131.170',0),(185,0,'50','2018-07-27 21:41:56','142.103.74.210',0),(186,0,'50','2018-07-28 00:31:13','70.42.131.170',0),(187,0,'50','2018-07-28 03:31:53','68.149.138.139',0),(188,0,'50','2018-08-10 22:29:19','209.139.228.171',0),(189,0,'50','2018-08-11 17:28:15','70.42.131.170',0),(190,0,'50','2018-08-12 21:46:26','70.42.131.170',0),(191,0,'50','2018-08-16 21:08:16','142.103.74.199',0),(192,0,'50','2018-08-23 16:07:14','209.139.228.171',0),(193,0,'50','2018-08-25 07:42:45','199.119.235.214',0),(194,0,'50','2018-08-26 06:08:22','50.67.16.212',0),(195,0,'50','2018-08-28 02:26:45','50.67.16.212',0),(196,0,'50','2018-08-28 02:28:51','50.67.16.212',0),(197,0,'50','2018-09-05 19:07:30','142.103.74.199',0),(198,0,'50','2018-09-07 15:39:44','142.103.74.199',0),(199,0,'50','2018-09-08 01:55:08','64.114.70.78',0),(200,0,'50','2018-09-13 05:55:31','50.67.16.212',0),(201,0,'50','2018-09-13 16:30:08','209.139.228.161',0),(202,0,'50','2018-09-13 19:01:35','142.103.74.208',0),(203,0,'50','2018-09-19 20:58:03','209.139.228.161',0),(204,0,'50','2018-09-21 20:56:06','209.139.228.161',0),(205,0,'50','2018-09-22 21:44:27','71.16.157.226',0),(206,0,'50','2018-09-27 16:08:04','209.139.228.161',0),(207,0,'50','2018-09-28 23:29:42','209.139.228.161',0),(208,0,'50','2018-09-28 23:34:20','142.103.74.199',0),(209,0,'50','2018-10-01 17:31:37','142.103.74.235',0),(210,0,'50','2018-10-01 18:04:31','209.139.228.161',0),(211,0,'50','2018-10-01 18:04:55','209.139.228.161',0),(212,0,'50','2018-10-01 18:05:15','209.139.228.161',0),(213,0,'50','2018-10-10 19:09:02','209.139.228.161',0),(214,0,'50','2018-10-24 16:52:21','209.139.228.161',0),(215,0,'50','2018-10-26 15:15:03','209.139.228.161',0),(216,0,'50','2018-10-30 21:23:27','209.139.228.161',0),(217,0,'50','2018-10-31 19:45:46','209.139.228.161',0),(218,0,'50','2018-11-09 04:58:10','50.67.16.212',0),(219,0,'50','2018-11-10 05:40:43','50.67.16.212',0),(220,0,'50','2018-11-13 19:15:27','209.139.228.161',0),(221,0,'50','2018-11-14 19:24:26','209.139.228.161',0),(222,0,'50','2018-11-14 21:03:43','209.139.228.161',0),(223,0,'50','2018-11-20 07:16:17','50.67.16.212',0),(224,0,'50','2018-11-23 16:59:23','142.103.74.199',0),(225,0,'50','2018-11-23 22:42:25','209.139.228.161',0),(226,0,'50','2018-11-23 22:43:23','66.249.88.12',0),(227,0,'50','2018-11-26 16:52:13','209.139.228.161',0),(228,0,'50','2018-11-26 21:38:28','209.139.228.161',0),(229,0,'50','2018-11-27 17:49:02','142.103.74.199',0),(230,0,'50','2018-11-27 19:50:46','209.139.228.161',0),(231,0,'50','2018-11-29 16:28:19','50.67.16.212',0),(232,0,'50','2018-11-29 17:59:36','209.139.228.161',0),(233,0,'50','2018-11-29 22:15:52','209.139.228.161',0),(234,0,'50','2018-11-30 18:51:39','50.67.16.212',0),(235,0,'53','2018-12-05 18:15:59','142.103.74.210',0),(236,0,'53','2018-12-05 18:32:08','209.139.228.161',0),(237,0,'50','2018-12-06 17:42:56','142.103.74.199',0),(238,0,'50','2018-12-07 05:59:49','50.67.16.212',0),(239,0,'50','2018-12-24 21:35:19','209.139.228.161',0),(240,0,'50','2019-01-08 22:34:53','209.139.228.245',0),(241,0,'50','2019-01-10 20:02:31','142.103.74.210',0),(242,0,'50','2019-01-11 14:40:42','65.155.30.101',0),(243,0,'53','2019-01-15 18:39:00','142.103.74.210',0),(244,0,'50','2019-01-15 19:35:39','209.139.228.161',0),(245,0,'50','2019-01-17 04:17:34','65.155.30.101',0),(246,0,'50','2019-01-17 17:34:41','209.139.228.245',0),(247,0,'50','2019-01-18 04:38:44','65.154.226.109',0),(248,0,'50','2019-01-18 22:55:52','209.139.228.161',0),(249,0,'50','2019-01-19 02:14:42','65.155.30.101',0),(250,0,'50','2019-01-19 02:38:14','65.155.30.101',0),(251,0,'50','2019-01-19 06:52:32','206.116.247.248',0),(252,0,'50','2019-01-19 08:27:32','70.42.131.170',0),(253,0,'50','2019-01-19 22:41:13','65.155.30.101',0),(254,0,'50','2019-01-20 20:49:42','65.155.30.101',0),(255,0,'50','2019-01-21 06:12:03','206.116.247.248',0),(256,0,'50','2019-01-21 21:47:32','209.139.228.245',0),(257,0,'50','2019-01-21 21:54:04','70.42.131.170',0),(258,0,'50','2019-01-22 23:09:19','65.155.30.101',0),(259,0,'50','2019-01-22 23:38:15','65.154.226.109',0),(260,0,'50','2019-01-24 01:20:48','209.139.228.245',0),(261,0,'50','2019-01-24 03:22:38','65.154.226.109',0),(262,0,'50','2019-01-25 10:39:38','70.42.131.170',0),(263,0,'50','2019-01-26 08:53:42','70.42.131.170',0),(264,0,'50','2019-01-27 09:18:10','70.42.131.170',0),(265,0,'50','2019-01-28 13:44:26','70.42.131.189',0),(266,0,'50','2019-01-28 20:32:05','209.139.228.161',0),(267,0,'50','2019-01-29 00:45:59','209.139.228.161',0),(268,0,'50','2019-01-29 16:03:51','70.42.131.170',0),(269,0,'50','2019-01-29 17:55:07','209.139.228.161',0),(270,0,'50','2019-01-29 17:55:15','209.139.228.161',0),(271,0,'50','2019-01-30 21:59:10','65.155.30.101',0),(272,0,'50','2019-02-01 22:33:59','70.42.131.170',0),(273,0,'50','2019-02-12 00:40:58','209.139.228.161',0),(274,0,'50','2019-02-12 00:43:26','65.155.30.101',0),(275,0,'50','2019-02-13 20:37:31','209.139.228.161',0),(276,0,'50','2019-02-13 20:37:37','65.154.226.109',0),(277,0,'50','2019-02-15 00:13:59','70.42.131.170',0),(278,0,'50','2019-02-16 07:23:43','206.116.247.248',0),(279,0,'50','2019-02-19 18:12:51','142.103.74.199',0),(280,0,'53','2019-02-19 22:29:41','142.103.74.199',0),(281,0,'53','2019-02-19 22:29:52','142.103.74.199',0),(282,0,'50','2019-02-19 23:06:43','209.139.228.161',0),(283,0,'50','2019-02-20 20:38:44','209.139.228.161',0),(284,0,'50','2019-02-20 20:44:02','65.154.226.109',0),(285,0,'50','2019-02-21 00:10:16','209.139.228.161',0),(286,0,'50','2019-02-21 22:56:29','65.155.30.101',0),(287,0,'50','2019-02-22 22:38:41','209.139.228.161',0),(288,0,'50','2019-02-26 01:16:19','142.103.74.223',0),(289,0,'50','2019-02-26 01:18:16','142.103.74.223',0),(290,0,'50','2019-02-27 17:04:27','65.155.30.101',0),(291,0,'50','2019-02-27 18:42:38','65.154.226.109',0),(292,0,'50','2019-02-28 16:12:23','209.139.228.161',0),(293,0,'50','2019-02-28 16:12:28','65.154.226.109',0),(294,0,'50','2019-02-28 18:18:11','209.139.228.161',0),(295,0,'50','2019-02-28 18:18:37','209.139.228.161',0),(296,0,'50','2019-03-04 21:08:41','209.139.228.161',0),(297,0,'50','2019-03-05 00:38:03','162.156.187.149',0),(298,0,'50','2019-03-05 01:26:09','65.154.226.109',0),(299,0,'50','2019-03-05 01:26:39','65.154.226.109',0),(300,0,'50','2019-03-05 01:27:08','65.154.226.109',0),(301,0,'50','2019-03-06 23:06:23','142.103.74.199',0),(302,0,'50','2019-03-06 23:28:36','209.139.228.161',0),(303,0,'50','2019-03-07 06:42:00','70.42.131.189',0),(304,0,'50','2019-03-08 18:50:16','42.236.10.117',0),(305,0,'50','2019-03-11 19:28:07','180.163.220.66',0),(306,0,'50','2019-03-13 20:10:55','142.103.74.199',0),(307,0,'50','2019-03-13 21:06:07','207.23.128.171',0),(308,0,'50','2019-03-13 21:06:11','70.42.131.189',0),(309,0,'50','2019-03-13 21:24:18','142.103.74.223',0),(310,0,'53','2019-03-15 07:57:26','108.172.71.161',0),(311,0,'50','2019-03-15 16:06:09','142.103.74.199',0),(312,0,'53','2019-03-15 16:15:20','208.98.223.20',0),(313,0,'53','2019-03-15 17:43:25','208.98.223.20',0),(314,0,'50','2019-03-18 15:13:13','142.103.74.199',0),(315,0,'50','2019-03-18 17:04:55','209.139.228.161',0),(316,0,'50','2019-03-18 17:05:04','65.154.226.109',0),(317,0,'50','2019-03-19 20:08:23','209.139.228.161',0),(318,0,'50','2019-03-19 20:08:34','70.42.131.189',0),(319,0,'50','2019-03-19 22:48:24','209.139.228.161',0),(320,0,'50','2019-03-20 22:10:43','180.163.220.68',0),(321,0,'53','2019-03-20 22:11:00','180.163.220.5',0),(322,0,'50','2019-03-22 15:11:49','142.103.74.199',0),(323,0,'50','2019-03-22 17:15:25','180.163.220.3',0),(324,0,'50','2019-03-25 15:11:34','142.103.74.199',0),(325,0,'50','2019-03-26 16:07:35','209.139.228.161',0),(326,0,'50','2019-03-26 16:08:15','65.154.226.109',0),(327,0,'53','2019-03-26 21:43:03','65.155.30.101',0),(328,0,'50','2019-03-27 18:19:01','42.236.10.124',0),(329,0,'53','2019-03-27 18:22:57','42.236.10.75',0),(330,0,'50','2019-03-27 22:45:11','206.87.234.89',0),(331,0,'50','2019-03-30 20:12:22','207.23.203.70',0),(332,0,'50','2019-04-01 17:23:13','42.236.10.106',0),(333,0,'53','2019-04-01 17:23:52','42.236.10.84',0),(334,0,'50','2019-04-01 18:13:06','209.139.228.161',0),(335,0,'50','2019-04-01 18:13:17','65.154.226.109',0),(336,0,'50','2019-04-02 15:02:02','142.103.74.199',0),(337,0,'50','2019-04-05 15:27:42','142.103.74.199',0),(338,0,'50','2019-04-05 17:16:48','209.139.228.161',0),(339,0,'50','2019-04-05 17:16:55','65.155.30.101',0),(340,0,'50','2019-04-05 17:27:54','180.163.220.5',0),(341,0,'53','2019-04-05 19:03:56','180.163.220.5',0),(342,0,'50','2019-04-05 20:28:03','42.236.10.92',0),(343,0,'50','2019-04-05 23:10:10','206.87.233.39',0),(344,0,'50','2019-04-11 22:46:40','42.236.10.117',0),(345,0,'50','2019-04-14 05:22:29','206.116.247.248',0),(346,0,'50','2019-04-14 05:22:30','206.116.247.248',0),(347,0,'50','2019-04-14 05:22:32','206.116.247.248',0),(348,0,'50','2019-04-15 18:03:02','42.236.10.114',0),(349,0,'50','2019-04-17 15:55:21','209.139.228.161',0),(350,0,'50','2019-04-17 16:44:58','70.42.131.189',0),(351,0,'50','2019-04-18 17:27:00','180.163.220.5',0),(352,0,'10','2019-04-18 17:39:54','180.163.220.5',0),(353,0,'3','2019-04-18 17:39:57','180.163.220.4',0),(354,0,'50','2019-04-26 17:58:18','42.236.10.84',0),(355,0,'50','2019-04-26 22:18:59','209.139.228.161',0),(356,0,'50','2019-04-29 05:59:44','42.236.10.117',0),(357,0,'50','2019-04-30 04:52:06','206.116.247.248',0),(358,0,'50','2019-05-01 16:53:43','206.87.237.195',0),(359,0,'50','2019-05-01 18:40:35','42.236.10.78',0),(360,0,'53','2019-05-01 18:40:59','42.236.10.84',0),(361,0,'3','2019-05-01 18:45:14','42.236.10.117',0),(362,0,'10','2019-05-01 18:45:36','180.163.220.4',0),(363,0,'50','2019-05-01 19:15:01','209.139.228.161',0),(364,0,'50','2019-05-02 17:49:31','142.103.74.210',0),(365,0,'50','2019-05-02 22:26:40','209.139.228.161',0),(366,0,'50','2019-05-03 18:01:18','209.139.228.161',0),(367,0,'50','2019-05-03 20:18:57','42.236.10.75',0),(368,0,'50','2019-05-04 02:41:57','65.155.30.101',0),(369,0,'50','2019-05-04 02:47:18','65.154.226.126',0),(370,0,'50','2019-05-04 02:47:20','65.154.226.126',0),(371,0,'50','2019-05-06 15:43:11','142.103.74.199',0),(372,0,'50','2019-05-06 15:44:13','142.103.74.199',0),(373,0,'50','2019-05-06 15:53:06','209.139.228.161',0),(374,0,'50','2019-05-09 18:55:05','142.103.74.210',0),(375,0,'50','2019-05-09 23:02:28','209.139.228.161',0),(376,0,'50','2019-05-09 23:02:33','70.42.131.189',0),(377,0,'50','2019-05-10 16:26:17','209.139.228.161',0),(378,0,'50','2019-05-10 16:32:07','209.139.228.161',0),(379,0,'50','2019-05-10 22:54:05','209.139.228.161',0),(380,0,'50','2019-05-16 18:54:23','142.103.74.210',0),(381,0,'50','2019-05-22 16:48:11','209.139.228.161',0),(382,0,'50','2019-05-22 16:48:22','70.42.131.189',0),(383,0,'50','2019-05-22 16:50:52','65.154.226.126',0),(384,0,'50','2019-05-22 16:50:55','65.154.226.126',0),(385,0,'50','2019-05-23 22:52:07','209.139.228.161',0),(386,0,'50','2019-05-23 22:52:14','70.42.131.189',0),(387,0,'50','2019-05-24 17:17:46','142.103.205.100',0),(388,0,'50','2019-05-24 22:57:03','52.41.60.67',0),(389,0,'50','2019-05-24 23:57:32','54.70.75.243',0),(390,0,'50','2019-05-25 01:02:58','54.149.98.75',0),(391,0,'50','2019-05-26 01:13:29','3.92.182.97',0),(392,0,'50','2019-05-26 03:38:44','206.116.247.248',0),(393,0,'50','2019-05-26 09:28:41','3.92.182.97',0),(394,0,'50','2019-05-27 04:23:10','34.235.154.136',0),(395,0,'50','2019-05-27 04:24:31','107.22.104.204',0),(396,0,'50','2019-05-28 20:55:23','54.166.184.127',0),(397,0,'50','2019-05-29 16:38:57','209.139.228.161',0),(398,0,'50','2019-05-29 16:39:07','70.42.131.189',0),(399,0,'50','2019-05-29 19:43:40','209.139.228.161',0),(400,0,'53','2019-05-29 22:30:07','65.154.226.126',0),(401,0,'53','2019-05-29 22:30:08','65.154.226.126',0),(402,0,'50','2019-05-29 22:55:41','142.103.74.235',0),(403,0,'53','2019-05-29 23:18:10','70.42.131.189',0),(404,0,'50','2019-05-30 00:07:30','107.22.104.204',0),(405,0,'50','2019-05-30 02:24:44','54.172.52.248',0),(406,0,'50','2019-05-30 02:26:12','54.166.184.127',0),(407,0,'50','2019-05-30 16:55:10','54.166.184.127',0),(408,0,'50','2019-05-30 23:18:29','209.139.228.161',0),(409,0,'50','2019-05-30 23:23:11','65.154.226.109',0),(410,0,'50','2019-05-30 23:23:56','65.154.226.109',0),(411,0,'50','2019-05-30 23:26:58','65.154.226.126',0),(412,0,'50','2019-05-30 23:27:00','65.154.226.126',0),(413,0,'50','2019-05-31 15:14:00','209.139.228.161',0),(414,0,'50','2019-05-31 15:14:04','209.139.228.161',0),(415,0,'50','2019-05-31 15:27:24','209.139.228.161',0),(416,0,'53','2019-05-31 17:24:39','65.154.226.126',0),(417,0,'53','2019-05-31 17:24:40','65.154.226.126',0),(418,0,'53','2019-05-31 17:30:27','70.42.131.189',0),(419,0,'50','2019-06-01 07:49:21','54.166.184.127',0),(420,0,'50','2019-06-02 04:45:26','54.166.184.127',0),(421,0,'50','2019-06-04 04:15:22','3.92.182.97',0),(422,0,'50','2019-06-04 16:31:01','3.80.125.37',0),(423,0,'50','2019-06-04 16:32:12','107.22.104.204',0),(424,0,'50','2019-06-06 18:32:55','142.103.74.199',0),(425,0,'50','2019-06-08 14:30:11','206.116.247.248',0),(426,0,'50','2019-06-11 21:06:20','209.139.228.193',0),(427,0,'50','2019-06-11 21:06:28','65.155.30.101',0),(428,0,'50','2019-06-14 11:24:23','54.166.184.127',0),(429,0,'50','2019-06-14 16:02:12','142.103.74.199',0),(430,0,'50','2019-06-14 22:14:09','209.139.228.171',0),(431,0,'50','2019-06-14 22:14:15','65.154.226.109',0),(432,0,'50','2019-06-14 22:17:42','65.154.226.126',0),(433,0,'50','2019-06-14 22:17:43','65.154.226.126',0),(434,0,'50','2019-06-17 19:30:47','209.139.228.161',0),(435,0,'50','2019-06-17 19:30:57','65.155.30.101',0),(436,0,'50','2019-06-18 22:40:38','65.155.30.101',0),(437,0,'50','2019-06-20 16:14:02','209.139.228.161',0),(438,0,'50','2019-06-20 16:14:09','65.155.30.101',0),(439,0,'50','2019-06-20 19:44:50','209.139.228.161',0),(440,0,'50','2019-06-20 20:56:51','206.87.205.239',0),(441,0,'50','2019-06-21 23:20:48','65.154.226.126',0),(442,0,'50','2019-06-21 23:20:49','65.154.226.126',0),(443,0,'50','2019-06-22 00:30:07','70.42.131.189',0),(444,0,'50','2019-06-27 17:28:22','206.87.205.239',0),(445,0,'50','2019-06-27 19:59:16','142.103.74.235',0),(446,0,'50','2019-07-02 17:40:45','206.87.205.239',0),(447,0,'50','2019-07-02 18:59:49','206.87.205.239',0),(448,0,'50','2019-07-02 21:32:57','206.87.205.239',0),(449,0,'50','2019-07-02 21:32:57','206.87.205.239',0),(450,0,'50','2019-07-04 19:20:52','206.87.205.239',0),(451,0,'10','2019-07-08 22:27:35','142.103.74.210',0),(452,0,'10','2019-07-08 22:36:42','142.103.74.210',0),(453,0,'50','2019-07-09 00:04:26','65.155.30.101',0),(454,0,'50','2019-07-09 00:05:14','65.154.226.109',0),(455,0,'50','2019-07-09 00:12:03','65.154.226.100',0),(456,0,'50','2019-07-09 00:12:04','65.154.226.100',0),(457,0,'50','2019-07-09 06:16:03','69.172.169.180',0),(458,0,'50','2019-07-09 15:50:36','209.139.228.161',0),(459,0,'50','2019-07-10 17:20:14','142.103.74.199',0),(460,0,'50','2019-07-10 22:10:38','65.154.226.109',0),(461,0,'50','2019-07-11 15:47:25','209.139.228.161',0),(462,0,'50','2019-07-12 21:25:08','65.155.30.101',0),(463,0,'50','2019-07-12 21:25:25','65.155.30.101',0),(464,0,'50','2019-07-12 21:25:26','65.155.30.101',0),(465,0,'50','2019-07-12 21:25:29','65.154.226.109',0),(466,0,'50','2019-07-12 21:25:58','70.42.131.189',0),(467,0,'50','2019-07-12 21:29:32','65.154.226.126',0),(468,0,'50','2019-07-12 21:29:33','65.154.226.126',0),(469,0,'50','2019-07-15 16:41:47','209.139.228.161',0),(470,0,'50','2019-07-15 16:43:26','65.155.30.101',0),(471,0,'50','2019-07-15 16:43:26','65.155.30.101',0),(472,0,'50','2019-07-15 16:43:37','65.154.226.109',0),(473,0,'50','2019-07-15 16:43:45','65.155.30.101',0),(474,0,'50','2019-07-15 16:43:58','65.155.30.101',0),(475,0,'50','2019-07-15 16:44:15','65.155.30.101',0),(476,0,'50','2019-07-15 16:47:07','65.154.226.126',0),(477,0,'50','2019-07-15 16:47:08','65.154.226.126',0),(478,0,'50','2019-07-17 19:18:46','209.139.228.161',0),(479,0,'50','2019-07-18 16:30:59','209.139.228.161',0),(480,0,'50','2019-07-18 16:31:11','65.155.30.101',0),(481,0,'50','2019-07-18 16:31:12','65.154.226.109',0),(482,0,'50','2019-07-18 16:31:12','65.155.30.101',0),(483,0,'50','2019-07-18 16:31:13','65.155.30.101',0),(484,0,'50','2019-07-18 16:31:15','65.155.30.101',0),(485,0,'50','2019-07-18 16:34:56','65.154.226.126',0),(486,0,'50','2019-07-18 16:34:58','65.154.226.126',0),(487,0,'50','2019-07-19 17:46:56','172.218.92.222',0),(488,0,'50','2019-07-25 18:03:15','209.139.228.161',0),(489,0,'50','2019-07-25 18:03:37','65.155.30.101',0),(490,0,'50','2019-07-25 19:06:47','65.154.226.126',0),(491,0,'50','2019-07-25 19:06:49','65.154.226.126',0),(492,0,'50','2019-07-26 15:10:09','142.103.74.199',0),(493,0,'50','2019-07-31 22:21:54','209.139.228.161',0),(494,0,'50','2019-07-31 22:22:12','65.155.30.101',0),(495,0,'50','2019-07-31 22:25:24','65.154.226.126',0),(496,0,'50','2019-07-31 22:25:25','65.154.226.126',0),(497,0,'50','2019-08-02 04:35:26','206.116.247.248',0),(498,0,'53','2019-08-02 05:26:26','206.116.247.248',0),(499,0,'50','2019-08-12 15:32:58','142.103.74.199',0),(500,0,'50','2019-08-12 16:01:52','142.103.74.199',0),(501,0,'50','2019-08-12 16:10:25','209.139.228.161',0),(502,0,'50','2019-08-12 16:31:36','70.42.131.189',0),(503,0,'50','2019-08-13 15:11:43','206.116.247.248',0),(504,0,'50','2019-08-13 15:11:44','206.116.247.248',0),(505,0,'50','2019-08-13 16:07:15','64.114.70.78',0),(506,0,'50','2019-08-13 16:07:35','24.244.23.109',0),(507,0,'50','2019-08-13 21:34:34','65.155.30.101',0),(508,0,'50','2019-08-13 21:34:45','65.155.30.101',0),(509,0,'50','2019-08-13 21:34:46','65.155.30.101',0),(510,0,'50','2019-08-13 21:34:46','65.155.30.101',0),(511,0,'50','2019-08-13 21:34:58','65.155.30.101',0),(512,0,'50','2019-08-22 18:19:20','209.139.228.161',0),(513,0,'50','2019-08-22 18:19:29','65.155.30.101',0),(514,0,'50','2019-08-23 15:49:04','209.139.228.161',0),(515,0,'50','2019-08-28 18:36:44','209.139.228.161',0),(516,0,'50','2019-08-28 18:44:19','65.154.226.126',0),(517,0,'50','2019-08-28 18:44:23','65.154.226.126',0),(518,0,'50','2019-08-28 21:05:36','65.155.30.101',0),(519,0,'53','2019-08-30 09:48:19','65.154.226.126',0),(520,0,'53','2019-08-30 09:48:24','65.154.226.126',0),(521,0,'50','2019-08-30 18:34:00','209.139.228.161',0),(522,0,'50','2019-09-06 16:51:10','209.139.228.161',0),(523,0,'50','2019-09-06 18:48:23','70.42.131.189',0),(524,0,'50','2019-09-12 18:18:26','142.103.74.199',0),(525,0,'50','2019-09-12 18:23:45','209.139.228.161',0),(526,0,'50','2019-09-12 20:38:45','70.42.131.189',0),(527,0,'50','2019-09-12 22:21:38','65.154.226.100',0),(528,0,'50','2019-09-12 22:21:40','65.154.226.100',0),(529,0,'50','2019-09-14 04:54:03','206.116.247.248',0),(530,0,'50','2019-09-17 22:16:21','209.139.228.161',0),(531,0,'50','2019-09-17 22:18:11','65.154.226.126',0),(532,0,'50','2019-09-18 10:00:02','65.155.30.101',0),(533,0,'50','2019-09-18 18:28:20','209.139.228.161',0),(534,0,'50','2019-09-19 16:00:22','142.103.74.199',0),(535,0,'50','2019-09-19 16:31:23','209.139.228.161',0),(536,0,'50','2019-09-19 16:31:46','65.155.30.101',0),(537,0,'53','2019-09-19 18:38:02','65.154.226.126',0),(538,0,'50','2019-09-20 15:58:29','209.139.228.161',0),(539,0,'50','2019-09-20 16:59:19','65.155.30.101',0),(540,0,'50','2019-09-23 19:50:14','209.139.228.161',0),(541,0,'50','2019-09-23 19:56:09','65.154.226.109',0),(542,0,'50','2019-09-23 22:01:58','65.154.226.126',0),(543,0,'50','2019-09-25 05:22:16','206.116.247.248',0),(544,0,'53','2019-09-26 02:23:36','65.154.226.126',0),(545,0,'53','2019-09-26 05:54:16','65.154.226.126',0),(546,0,'48','2019-09-26 22:16:30','142.103.74.210',0),(547,0,'50','2019-09-26 22:21:41','142.103.74.210',0);
/*!40000 ALTER TABLE `audit` ENABLE KEYS */;
UNLOCK TABLES;

--
-- Table structure for table `email`
--

DROP TABLE IF EXISTS `email`;
/*!40101 SET @saved_cs_client     = @@character_set_client */;
/*!40101 SET character_set_client = utf8 */;
CREATE TABLE `email` (
  `id` int(11) NOT NULL AUTO_INCREMENT,
  `website_name` varchar(100) NOT NULL,
  `smtp_server` varchar(100) NOT NULL,
  `smtp_port` int(10) NOT NULL,
  `email_login` varchar(150) NOT NULL,
  `email_pass` varchar(100) NOT NULL,
  `from_name` varchar(100) NOT NULL,
  `from_email` varchar(150) NOT NULL,
  `transport` varchar(255) NOT NULL,
  `verify_url` varchar(255) NOT NULL,
  `email_act` int(1) NOT NULL,
  PRIMARY KEY (`id`)
) ENGINE=InnoDB AUTO_INCREMENT=2 DEFAULT CHARSET=utf8;
/*!40101 SET character_set_client = @saved_cs_client */;

--
-- Dumping data for table `email`
--

LOCK TABLES `email` WRITE;
/*!40000 ALTER TABLE `email` DISABLE KEYS */;
INSERT INTO `email` VALUES (1,'SeqUDAS system','smtp.gmail.com',587,'bccdcmiseq@gmail.com','bcdcdmiseq123@','bccdcmiseq@gmail.com','bccdcmiseq@gmail.com','tls','http://142.103.74.210:8100/',1);
/*!40000 ALTER TABLE `email` ENABLE KEYS */;
UNLOCK TABLES;

--
-- Table structure for table `keys`
--

DROP TABLE IF EXISTS `keys`;
/*!40101 SET @saved_cs_client     = @@character_set_client */;
/*!40101 SET character_set_client = utf8 */;
CREATE TABLE `keys` (
  `id` int(11) NOT NULL AUTO_INCREMENT,
  `stripe_ts` varchar(255) NOT NULL,
  `stripe_tp` varchar(255) NOT NULL,
  `stripe_ls` varchar(255) NOT NULL,
  `stripe_lp` varchar(255) NOT NULL,
  `recap_pub` varchar(100) NOT NULL,
  `recap_pri` varchar(100) NOT NULL,
  PRIMARY KEY (`id`)
) ENGINE=InnoDB DEFAULT CHARSET=utf8;
/*!40101 SET character_set_client = @saved_cs_client */;

--
-- Dumping data for table `keys`
--

LOCK TABLES `keys` WRITE;
/*!40000 ALTER TABLE `keys` DISABLE KEYS */;
/*!40000 ALTER TABLE `keys` ENABLE KEYS */;
UNLOCK TABLES;

--
-- Table structure for table `message_threads`
--

DROP TABLE IF EXISTS `message_threads`;
/*!40101 SET @saved_cs_client     = @@character_set_client */;
/*!40101 SET character_set_client = utf8 */;
CREATE TABLE `message_threads` (
  `id` int(11) NOT NULL AUTO_INCREMENT,
  `msg_to` int(11) NOT NULL,
  `msg_from` int(11) NOT NULL,
  `msg_subject` varchar(255) NOT NULL,
  `last_update` datetime NOT NULL,
  `last_update_by` int(11) NOT NULL,
  PRIMARY KEY (`id`)
) ENGINE=InnoDB DEFAULT CHARSET=latin1;
/*!40101 SET character_set_client = @saved_cs_client */;

--
-- Dumping data for table `message_threads`
--

LOCK TABLES `message_threads` WRITE;
/*!40000 ALTER TABLE `message_threads` DISABLE KEYS */;
/*!40000 ALTER TABLE `message_threads` ENABLE KEYS */;
UNLOCK TABLES;

--
-- Table structure for table `messages`
--

DROP TABLE IF EXISTS `messages`;
/*!40101 SET @saved_cs_client     = @@character_set_client */;
/*!40101 SET character_set_client = utf8 */;
CREATE TABLE `messages` (
  `id` int(11) NOT NULL AUTO_INCREMENT,
  `msg_from` int(11) NOT NULL,
  `msg_to` int(11) NOT NULL,
  `msg_body` text NOT NULL,
  `msg_read` int(1) NOT NULL,
  `msg_thread` int(11) NOT NULL,
  `deleted` int(1) NOT NULL,
  `sent_on` datetime NOT NULL,
  PRIMARY KEY (`id`)
) ENGINE=InnoDB DEFAULT CHARSET=latin1;
/*!40101 SET character_set_client = @saved_cs_client */;

--
-- Dumping data for table `messages`
--

LOCK TABLES `messages` WRITE;
/*!40000 ALTER TABLE `messages` DISABLE KEYS */;
/*!40000 ALTER TABLE `messages` ENABLE KEYS */;
UNLOCK TABLES;

--
-- Table structure for table `pages`
--

DROP TABLE IF EXISTS `pages`;
/*!40101 SET @saved_cs_client     = @@character_set_client */;
/*!40101 SET character_set_client = utf8 */;
CREATE TABLE `pages` (
  `id` int(11) NOT NULL AUTO_INCREMENT,
  `page` varchar(100) NOT NULL,
  `private` int(11) NOT NULL DEFAULT '0',
  PRIMARY KEY (`id`)
) ENGINE=InnoDB AUTO_INCREMENT=61 DEFAULT CHARSET=utf8;
/*!40101 SET character_set_client = @saved_cs_client */;

--
-- Dumping data for table `pages`
--

LOCK TABLES `pages` WRITE;
/*!40000 ALTER TABLE `pages` DISABLE KEYS */;
INSERT INTO `pages` VALUES (1,'index.php',0),(2,'z_us_root.php',0),(3,'users/account.php',1),(4,'users/admin.php',1),(5,'users/admin_page.php',1),(6,'users/admin_pages.php',1),(7,'users/admin_permission.php',1),(8,'users/admin_permissions.php',1),(9,'users/admin_user.php',1),(10,'users/admin_users.php',1),(11,'users/edit_profile.php',1),(12,'users/email_settings.php',1),(13,'users/email_test.php',1),(14,'users/forgot_password.php',0),(15,'users/forgot_password_reset.php',0),(16,'users/index.php',0),(17,'users/init.php',0),(18,'users/join.php',0),(19,'users/joinThankYou.php',0),(20,'users/login.php',0),(21,'users/logout.php',0),(22,'users/profile.php',1),(23,'users/times.php',0),(24,'users/user_settings.php',1),(25,'users/verify.php',0),(26,'users/verify_resend.php',0),(27,'users/view_all_users.php',1),(28,'usersc/empty.php',0),(31,'users/oauth_success.php',0),(33,'users/fb-callback.php',0),(37,'users/check_updates.php',1),(38,'users/google_helpers.php',0),(39,'users/tomfoolery.php',1),(40,'users/create_message.php',1),(41,'users/messages.php',1),(42,'users/message.php',1),(43,'users/maintenance.php',0),(50,'node.php',1),(53,'show.php',1),(60,'access_info.php',0);
/*!40000 ALTER TABLE `pages` ENABLE KEYS */;
UNLOCK TABLES;

--
-- Table structure for table `permission_page_matches`
--

DROP TABLE IF EXISTS `permission_page_matches`;
/*!40101 SET @saved_cs_client     = @@character_set_client */;
/*!40101 SET character_set_client = utf8 */;
CREATE TABLE `permission_page_matches` (
  `id` int(11) NOT NULL AUTO_INCREMENT,
  `permission_id` int(15) NOT NULL,
  `page_id` int(15) NOT NULL,
  PRIMARY KEY (`id`)
) ENGINE=InnoDB AUTO_INCREMENT=68 DEFAULT CHARSET=utf8;
/*!40101 SET character_set_client = @saved_cs_client */;

--
-- Dumping data for table `permission_page_matches`
--

LOCK TABLES `permission_page_matches` WRITE;
/*!40000 ALTER TABLE `permission_page_matches` DISABLE KEYS */;
INSERT INTO `permission_page_matches` VALUES (2,2,27),(3,1,24),(4,1,22),(5,2,13),(6,2,12),(7,1,11),(8,2,10),(9,2,9),(10,2,8),(11,2,7),(12,2,6),(13,2,5),(14,2,4),(15,1,3),(16,2,37),(17,2,39),(19,2,40),(21,2,41),(23,2,42),(27,1,42),(28,1,27),(29,1,41),(30,1,40),(31,1,44),(32,2,44),(37,1,47),(38,2,47),(43,1,48),(44,2,48),(46,1,49),(47,2,49),(50,1,50),(51,2,50),(54,1,52),(55,2,52),(58,1,51),(59,2,51),(62,1,53),(63,2,53),(66,1,54),(67,2,54);
/*!40000 ALTER TABLE `permission_page_matches` ENABLE KEYS */;
UNLOCK TABLES;

--
-- Table structure for table `permissions`
--

DROP TABLE IF EXISTS `permissions`;
/*!40101 SET @saved_cs_client     = @@character_set_client */;
/*!40101 SET character_set_client = utf8 */;
CREATE TABLE `permissions` (
  `id` int(11) NOT NULL AUTO_INCREMENT,
  `name` varchar(150) NOT NULL,
  PRIMARY KEY (`id`)
) ENGINE=InnoDB AUTO_INCREMENT=3 DEFAULT CHARSET=utf8;
/*!40101 SET character_set_client = @saved_cs_client */;

--
-- Dumping data for table `permissions`
--

LOCK TABLES `permissions` WRITE;
/*!40000 ALTER TABLE `permissions` DISABLE KEYS */;
INSERT INTO `permissions` VALUES (1,'User'),(2,'Administrator');
/*!40000 ALTER TABLE `permissions` ENABLE KEYS */;
UNLOCK TABLES;

--
-- Table structure for table `profiles`
--

DROP TABLE IF EXISTS `profiles`;
/*!40101 SET @saved_cs_client     = @@character_set_client */;
/*!40101 SET character_set_client = utf8 */;
CREATE TABLE `profiles` (
  `id` int(11) NOT NULL AUTO_INCREMENT,
  `user_id` int(11) NOT NULL,
  `bio` text NOT NULL,
  PRIMARY KEY (`id`)
) ENGINE=InnoDB AUTO_INCREMENT=3 DEFAULT CHARSET=utf8;
/*!40101 SET character_set_client = @saved_cs_client */;

--
-- Dumping data for table `profiles`
--

LOCK TABLES `profiles` WRITE;
/*!40000 ALTER TABLE `profiles` DISABLE KEYS */;
INSERT INTO `profiles` VALUES (1,1,'<h1>This is the Sequdas.</h1>\r\n<p>Haha....</p>'),(2,2,'This is your bio');
/*!40000 ALTER TABLE `profiles` ENABLE KEYS */;
UNLOCK TABLES;

--
-- Table structure for table `settings`
--

DROP TABLE IF EXISTS `settings`;
/*!40101 SET @saved_cs_client     = @@character_set_client */;
/*!40101 SET character_set_client = utf8 */;
CREATE TABLE `settings` (
  `id` int(50) NOT NULL AUTO_INCREMENT,
  `recaptcha` int(1) NOT NULL DEFAULT '0',
  `force_ssl` int(1) NOT NULL,
  `login_type` varchar(20) NOT NULL,
  `css_sample` int(1) NOT NULL,
  `us_css1` varchar(255) NOT NULL,
  `us_css2` varchar(255) NOT NULL,
  `us_css3` varchar(255) NOT NULL,
  `css1` varchar(255) NOT NULL,
  `css2` varchar(255) NOT NULL,
  `css3` varchar(255) NOT NULL,
  `site_name` varchar(100) NOT NULL,
  `language` varchar(255) NOT NULL,
  `track_guest` int(1) NOT NULL,
  `site_offline` int(1) NOT NULL,
  `force_pr` int(1) NOT NULL,
  `reserved1` varchar(100) NOT NULL,
  `reserverd2` varchar(100) NOT NULL,
  `custom1` varchar(100) NOT NULL,
  `custom2` varchar(100) NOT NULL,
  `custom3` varchar(100) NOT NULL,
  `glogin` int(1) NOT NULL DEFAULT '0',
  `fblogin` int(1) NOT NULL,
  `gid` varchar(255) NOT NULL,
  `gsecret` varchar(255) NOT NULL,
  `gredirect` varchar(255) NOT NULL,
  `ghome` varchar(255) NOT NULL,
  `fbid` varchar(255) NOT NULL,
  `fbsecret` varchar(255) NOT NULL,
  `fbcallback` varchar(255) NOT NULL,
  `graph_ver` varchar(255) NOT NULL,
  `finalredir` varchar(255) NOT NULL,
  `req_cap` int(1) NOT NULL,
  `req_num` int(1) NOT NULL,
  `min_pw` int(2) NOT NULL,
  `max_pw` int(3) NOT NULL,
  `min_un` int(2) NOT NULL,
  `max_un` int(3) NOT NULL,
  `messaging` int(1) NOT NULL,
  `snooping` int(1) NOT NULL,
  `echouser` int(11) NOT NULL,
  `wys` int(1) NOT NULL,
  `change_un` int(1) NOT NULL,
  PRIMARY KEY (`id`)
) ENGINE=InnoDB AUTO_INCREMENT=2 DEFAULT CHARSET=utf8;
/*!40101 SET character_set_client = @saved_cs_client */;

--
-- Dumping data for table `settings`
--

LOCK TABLES `settings` WRITE;
/*!40000 ALTER TABLE `settings` DISABLE KEYS */;
INSERT INTO `settings` VALUES (1,1,0,'',1,'../users/css/color_schemes/bright.css','../users/css/sb-admin.css','../users/css/custom.css','','','','SeqUDAS','en',1,0,0,'','','','','',0,0,'Google ID Here','Google Secret Here','http://localhost/userspice/users/oauth_success.php','http://localhost/userspice/','FB ID Here','FB Secret Here','http://localhost/userspice/users/fb-callback.php','v2.2','account.php',1,1,6,20,2,40,0,1,0,1,0);
/*!40000 ALTER TABLE `settings` ENABLE KEYS */;
UNLOCK TABLES;

--
-- Table structure for table `status_table`
--

DROP TABLE IF EXISTS `status_table`;
/*!40101 SET @saved_cs_client     = @@character_set_client */;
/*!40101 SET character_set_client = utf8 */;
CREATE TABLE `status_table` (
  `id` mediumint(9) NOT NULL AUTO_INCREMENT,
  `bccdc_id` char(50) NOT NULL,
  `source` char(50) NOT NULL,
  `fullpath` varchar(1000) NOT NULL,
  `folder` varchar(500) NOT NULL,
  `status` int(11) NOT NULL,
  `start_time` varchar(500) NOT NULL,
  `end_time` varchar(500) NOT NULL,
  `sample` text NOT NULL,
  `analysis_status` varchar(1000) NOT NULL,
  `del_status` tinyint(4) NOT NULL,
  PRIMARY KEY (`id`)
) ENGINE=InnoDB AUTO_INCREMENT=856 DEFAULT CHARSET=latin1 ROW_FORMAT=COMPACT;
/*!40101 SET character_set_client = @saved_cs_client */;

--
-- Dumping data for table `status_table`
--

LOCK TABLES `status_table` WRITE;
/*!40000 ALTER TABLE `status_table` DISABLE KEYS */;
INSERT INTO `status_table` VALUES (854,'BCCDCN000001','test','/home/duanj/demo_data/DEMO3_completed_run_Oct_23','DEMO3_completed_run_Oct_23',8,'2019-09-27#14:01:49','2019-09-27#14:04:16','296A-2(38)','{\"s3\": \"1\", \"s2\": \"1\", \"s1\": \"1\", \"s5\": \"1\", \"s4\": \"1\"}',0),(855,'BCCDCN000002','test','/home/duanj/demo_data/DEMO3_completed_run_Oct_23','DEMO3_completed_run_Oct_23',8,'2019-10-02#16:20:53','2019-10-02#16:36:04','296A-2(38)','{\"s3\": \"1\", \"s2\": \"1\", \"s1\": \"1\", \"s5\": \"1\", \"s4\": \"1\"}',0);
/*!40000 ALTER TABLE `status_table` ENABLE KEYS */;
UNLOCK TABLES;

--
-- Table structure for table `user_permission_matches`
--

DROP TABLE IF EXISTS `user_permission_matches`;
/*!40101 SET @saved_cs_client     = @@character_set_client */;
/*!40101 SET character_set_client = utf8 */;
CREATE TABLE `user_permission_matches` (
  `id` int(11) NOT NULL AUTO_INCREMENT,
  `user_id` int(11) NOT NULL,
  `permission_id` int(11) NOT NULL,
  PRIMARY KEY (`id`)
) ENGINE=InnoDB AUTO_INCREMENT=103 DEFAULT CHARSET=utf8;
/*!40101 SET character_set_client = @saved_cs_client */;

--
-- Dumping data for table `user_permission_matches`
--

LOCK TABLES `user_permission_matches` WRITE;
/*!40000 ALTER TABLE `user_permission_matches` DISABLE KEYS */;
INSERT INTO `user_permission_matches` VALUES (100,1,1),(101,1,2),(102,2,1);
/*!40000 ALTER TABLE `user_permission_matches` ENABLE KEYS */;
UNLOCK TABLES;

--
-- Table structure for table `users`
--

DROP TABLE IF EXISTS `users`;
/*!40101 SET @saved_cs_client     = @@character_set_client */;
/*!40101 SET character_set_client = utf8 */;
CREATE TABLE `users` (
  `id` int(11) NOT NULL AUTO_INCREMENT,
  `email` varchar(155) NOT NULL,
  `username` varchar(255) NOT NULL,
  `password` varchar(255) NOT NULL,
  `fname` varchar(255) NOT NULL,
  `lname` varchar(255) NOT NULL,
  `permissions` int(11) NOT NULL,
  `logins` int(100) NOT NULL,
  `account_owner` tinyint(4) NOT NULL DEFAULT '0',
  `account_id` int(11) NOT NULL DEFAULT '0',
  `company` varchar(255) NOT NULL,
  `stripe_cust_id` varchar(255) NOT NULL,
  `billing_phone` varchar(20) NOT NULL,
  `billing_srt1` varchar(255) NOT NULL,
  `billing_srt2` varchar(255) NOT NULL,
  `billing_city` varchar(255) NOT NULL,
  `billing_state` varchar(255) NOT NULL,
  `billing_zip_code` varchar(255) NOT NULL,
  `join_date` datetime NOT NULL,
  `last_login` datetime NOT NULL,
  `email_verified` tinyint(4) NOT NULL DEFAULT '0',
  `vericode` varchar(15) NOT NULL,
  `title` varchar(100) NOT NULL,
  `active` int(1) NOT NULL,
  `custom1` varchar(255) NOT NULL,
  `custom2` varchar(255) NOT NULL,
  `custom3` varchar(255) NOT NULL,
  `custom4` varchar(255) NOT NULL,
  `custom5` varchar(255) NOT NULL,
  `oauth_provider` varchar(255) CHARACTER SET utf8 COLLATE utf8_unicode_ci NOT NULL,
  `oauth_uid` varchar(255) CHARACTER SET utf8 COLLATE utf8_unicode_ci NOT NULL,
  `gender` varchar(10) CHARACTER SET utf8 COLLATE utf8_unicode_ci NOT NULL,
  `locale` varchar(10) CHARACTER SET utf8 COLLATE utf8_unicode_ci NOT NULL,
  `gpluslink` varchar(255) CHARACTER SET utf8 COLLATE utf8_unicode_ci NOT NULL,
  `picture` varchar(255) CHARACTER SET utf8 COLLATE utf8_unicode_ci NOT NULL,
  `created` datetime NOT NULL,
  `modified` datetime NOT NULL,
  `fb_uid` varchar(255) NOT NULL,
  `un_changed` int(1) NOT NULL,
  PRIMARY KEY (`id`),
  KEY `EMAIL` (`email`) USING BTREE
) ENGINE=InnoDB AUTO_INCREMENT=3 DEFAULT CHARSET=utf8;
/*!40101 SET character_set_client = @saved_cs_client */;

--
-- Dumping data for table `users`
--

LOCK TABLES `users` WRITE;
/*!40000 ALTER TABLE `users` DISABLE KEYS */;
INSERT INTO `users` VALUES (1,'duanjun1981@gmail.com','admin','$2y$12$o4Rm8T9TdqCVqfzrJHZY7.3A0cnxtFNNInYYXiAWy4zYqIINw1Q5e','sequdas','sequdas',1,871,1,0,'UserSpice','','','','','','','','2016-01-01 00:00:00','2019-10-29 19:05:20',1,'322418','',0,'','','','','','','','','','','','0000-00-00 00:00:00','1899-11-30 00:00:00','',0),(2,'noreply@userspice.com','user','$2y$12$DVc1mRDZCI3PVDydiPNVk.HEq1UUenc0h/pp2D6DrsTgDxuKJgc3K','Sample','User',1,507,1,0,'none','','','','','','','','2016-01-02 00:00:00','2019-09-23 19:50:20',1,'970748','',1,'','','','','','','','','','','','0000-00-00 00:00:00','0000-00-00 00:00:00','',0);
/*!40000 ALTER TABLE `users` ENABLE KEYS */;
UNLOCK TABLES;

--
-- Table structure for table `users_online`
--

DROP TABLE IF EXISTS `users_online`;
/*!40101 SET @saved_cs_client     = @@character_set_client */;
/*!40101 SET character_set_client = utf8 */;
CREATE TABLE `users_online` (
  `id` int(10) NOT NULL AUTO_INCREMENT,
  `ip` varchar(15) NOT NULL,
  `timestamp` varchar(15) NOT NULL,
  `user_id` int(10) NOT NULL,
  `session` varchar(50) NOT NULL,
  PRIMARY KEY (`id`)
) ENGINE=InnoDB AUTO_INCREMENT=2 DEFAULT CHARSET=utf8;
/*!40101 SET character_set_client = @saved_cs_client */;

--
-- Dumping data for table `users_online`
--

LOCK TABLES `users_online` WRITE;
/*!40000 ALTER TABLE `users_online` DISABLE KEYS */;
INSERT INTO `users_online` VALUES (1,'142.103.74.210','1572376052',1,'');
/*!40000 ALTER TABLE `users_online` ENABLE KEYS */;
UNLOCK TABLES;

--
-- Table structure for table `users_session`
--

DROP TABLE IF EXISTS `users_session`;
/*!40101 SET @saved_cs_client     = @@character_set_client */;
/*!40101 SET character_set_client = utf8 */;
CREATE TABLE `users_session` (
  `id` int(11) NOT NULL AUTO_INCREMENT,
  `user_id` int(11) NOT NULL,
  `hash` varchar(255) NOT NULL,
  `uagent` text,
  PRIMARY KEY (`id`)
) ENGINE=InnoDB AUTO_INCREMENT=188 DEFAULT CHARSET=utf8;
/*!40101 SET character_set_client = @saved_cs_client */;

--
-- Dumping data for table `users_session`
--

LOCK TABLES `users_session` WRITE;
/*!40000 ALTER TABLE `users_session` DISABLE KEYS */;
INSERT INTO `users_session` VALUES (4,1,'4a268f89912c02ff4ed96526f1777b4c1e99c58cc0498da67e2dddd373b9d157','Mozilla (Linux; Android 6.0.1; Nexus 7 Build) AppleWebKit (KHTML, like Gecko) Chrome Safari'),(5,2,'9cb53a9e61a9df68c7ebf2299974c6fc29b2aa0ba79283b108f9d1ddc9af6e0d','Mozilla (X11; Fedora; Linux x86_64) AppleWebKit (KHTML, like Gecko) Chrome Safari'),(6,2,'b7679976313d7fed1c29b31006ce60f6d102002e0904ab62197cdb97ba93e881','Mozilla (Macintosh; Intel Mac OS X 10_12_5) AppleWebKit (KHTML, like Gecko) Chrome Safari'),(10,1,'89c20bd1d02adfd182630689c49da2e5cb6250508e6679fc007cd52679d6e671','Mozilla (Macintosh; Intel Mac OS X 10_12_6) AppleWebKit (KHTML, like Gecko) Chrome Safari'),(15,1,'ef36c963449bcb5df6f6980f779ccbc95a8e35cbe629fd5b6416c87e851d4976','Mozilla (Macintosh; Intel Mac OS X 10_13_0) AppleWebKit (KHTML, like Gecko) Chrome Safari'),(16,2,'5e9870b0f1dcbca56eb62d846c106703c0865c94e80fff7b2d7267d55bcb4548','Mozilla (Macintosh; Intel Mac OS X 10_12_6) AppleWebKit (KHTML, like Gecko) Version Safari'),(17,2,'3a7aebc16bdb86a8580d0a25725014b6ef8a6030fd060fb4efad9a8dd0e78c21','Mozilla (Macintosh; Intel Mac OS X 10_13_0) AppleWebKit (KHTML, like Gecko) Chrome Safari'),(19,1,'595993eca03edecff28b55562c41da8fd6189d14087064ff57c263c30d6f4043','Mozilla (Macintosh; Intel Mac OS X 10_13_1) AppleWebKit (KHTML, like Gecko) Chrome Safari'),(20,1,'40fd82ead8c22a8b91dbc2a5416d78fb6780d2a21744672a8992d47170831775','Mozilla (Macintosh; Intel Mac OS X 10_13_1) AppleWebKit (KHTML, like Gecko) Chrome Safari'),(21,1,'d5d854f1616bd75d7fee4b5a3586b1135a81f87505fd7875bddf386a1495672f','Mozilla (Linux; Android 8.0.0; Nexus 6P Build) AppleWebKit (KHTML, like Gecko) Chrome Mobile Safari'),(23,2,'5998085539d1be1534343a2f5f40472ee0bf7496a6980a6d1f2eb3833355d2d6','Mozilla (Windows NT 6.1; Trident; rv:11.0) like Gecko'),(24,2,'4bc90daa2c6a31fdcb259bc3e297742dfe216bc7a24544e256f51c76b311d581','Mozilla (Windows NT 6.1; Trident; rv:11.0) like Gecko'),(25,1,'3bb846ce0e628c84af624a2270a288c8160d2f9cc28c5fa9c2c618ef5c732d8d','Mozilla (Windows NT 6.1) AppleWebKit (KHTML, like Gecko) Chrome Safari'),(30,1,'d56e6ec5613a366e6a2ab6693d2c094537e0ef9dd40079450402663c28fad83d','Mozilla (Macintosh; Intel Mac OS X 10_13_3) AppleWebKit (KHTML, like Gecko) Chrome Safari'),(36,4,'f85d2fe8edfe2822fafdcc2b85b4ae7739868ce455fa463d1bddaa24354a0416','Mozilla (Macintosh; Intel Mac OS X 10_13_4) AppleWebKit (KHTML, like Gecko) Chrome Safari'),(38,1,'c5a1b9a16098c290761bbd24415f5fa37b604cd44906650fb9714ffe13c6db13','Mozilla (Linux; Android 7.0; WAS-L03T Build-L03T) AppleWebKit (KHTML, like Gecko) Chrome Mobile Safari'),(42,1,'fcff3cd0b512ac4e3a16fe26524d97e18f7975fe7857071cc00b290393b10612','Mozilla (Macintosh; Intel Mac OS X 10_13_5) AppleWebKit (KHTML, like Gecko) Chrome Safari'),(44,1,'faffa0c34edb4bb92dde613e311ebdfded5c49277eae28ef953ef4366602393c','Mozilla (Macintosh; Intel Mac OS X 10_13_5) AppleWebKit (KHTML, like Gecko) Chrome Safari'),(45,1,'c46be44956480e7404e1761d35bec80f14f3c0947f52a5509ed1aa53297a94ff','Mozilla (Macintosh; Intel Mac OS X 10_13_5) AppleWebKit (KHTML, like Gecko) Chrome Safari'),(50,6,'6ebb06db07f64d1817ee57001eef7fc658a80c3d246de6a55d25af410ff608eb','Mozilla (Linux; Android 7.0; G3123 Build) AppleWebKit (KHTML, like Gecko) Chrome Mobile Safari'),(51,6,'d37c36d62f8619f9ee4e40895888d2edd3277dfdab4803987c40a8783a7e4c19','Mozilla (Linux; Android 7.0; G3123 Build) AppleWebKit (KHTML, like Gecko) Chrome Mobile Safari'),(52,6,'71305403518b4440215fa338d1c5f274a78d6f923630b161a89481436bbe2717','Mozilla (Windows NT 10.0; Win64; x64; rv:61.0) Gecko Firefox'),(53,6,'20c1c262725e97f398a636a943e5a862c95a05471317ff27845894c2460552bc','Mozilla (Windows NT 10.0; Win64; x64; rv:61.0) Gecko Firefox'),(54,6,'3c506295eeb7e571c1b837a3f173c82e9f9b9863e2e6f78f766d0a4f5ed6802a','Mozilla (Windows NT 10.0; Win64; x64; rv:61.0) Gecko Firefox'),(55,6,'99f22d9e6f4e0bc6164f628e281068d5cd88e1a5f6d2e8cfd38b00f9ce466b6f','Mozilla (Windows NT 10.0; Win64; x64; rv:61.0) Gecko Firefox'),(56,6,'93621b2e564c3bee8d7af04a5127da5198edebbf10a3b33403b1232b11255141','Mozilla (Windows NT 10.0; Win64; x64; rv:61.0) Gecko Firefox'),(57,6,'210fec9de363ec6207ac74eb6075b5b16918613740411d156e7e1c815823ad8f','Mozilla (Windows NT 10.0; Win64; x64; rv:61.0) Gecko Firefox'),(58,6,'d7264631ebde337cefb396aba3e57a76f59ee43e3eab3cf394f857871d9ffd1e','Mozilla (Windows NT 10.0; Win64; x64; rv:61.0) Gecko Firefox'),(59,6,'0641f50ca69de79c25c5092371a22732835df6c80bbee93579e0da26504ec8ff','Mozilla (Windows NT 10.0; Win64; x64; rv:61.0) Gecko Firefox'),(61,6,'67854bd4b48187d570582ad5c8ef0aa2c409f12d4824b1f53cef8f5da56d5613','Mozilla (Windows NT 10.0; Win64; x64; rv:61.0) Gecko Firefox'),(67,1,'a668d72cb5b4fabe8ebac3727fa5af0f2860a3530ead913b123148ae27fb4ae7','Mozilla (Macintosh; Intel Mac OS X 10_13_6) AppleWebKit (KHTML, like Gecko) Chrome Safari'),(70,1,'47edb374ca9722df055a39092a755ab7b35d397fbc5a1ad1e56e88b1078525b8','Mozilla (Windows NT 6.1; WOW64) AppleWebKit (KHTML, like Gecko) Chrome Safari'),(74,1,'2dfefb3a872b776195dee5717bf96726cc38402de0ac4cd0b873d9cffb15036c','Mozilla (Macintosh; Intel Mac OS X 10_14_0) AppleWebKit (KHTML, like Gecko) Chrome Safari'),(81,2,'c070cc5043c2acf27db4f41c10180e1f42205ebf8698f042673647d27dbb32cb','Mozilla (Windows NT 6.1) AppleWebKit (KHTML, like Gecko) Chrome Safari'),(82,6,'d9cdeb70a7e3a1f6120fc81ddd5852488eff00a217198d4bc389b5a950ed1a10','Mozilla (Windows NT 10.0; Win64; x64; rv:63.0) Gecko Firefox'),(92,1,'20d4dbc06201c068531b6aed5ad948624b4dae7c924ec5b48af341d36abebc0b','Mozilla (Macintosh; Intel Mac OS X 10_14_1) AppleWebKit (KHTML, like Gecko) Chrome Safari'),(97,7,'88dfd58685686b4db41df63bfd9f0c342c9057a1d9ef6eed87a7eca908bc2586','Mozilla (Windows NT 10.0; Win64; x64; rv:64.0) Gecko Firefox'),(98,7,'26002c9476d3ff46a022a5a11ca287002c9006410368641d6b972443ad4d09bf','Mozilla (Windows NT 10.0; Win64; x64; rv:64.0) Gecko Firefox'),(99,1,'18bfe458a6e2b8104bf5bb9081c7e05fe79b27cb321e9a47e789c5ad9406563b','Mozilla (Macintosh; Intel Mac OS X 10_14_2) AppleWebKit (KHTML, like Gecko) Chrome Safari'),(100,6,'bacaf0ebb8ecb3980d4063fa019183f10c0b10d4273cdc93993440771db479ad','Mozilla (Windows NT 10.0; Win64; x64; rv:64.0) Gecko Firefox'),(101,7,'08b25217630b22e0b9c5ef928bd17da5a55e73b41fa98f7344d214c710bbb039','Mozilla (Windows NT 10.0; Win64; x64; rv:64.0) Gecko Firefox'),(102,7,'082a33b24cc880758e430ff3dcaf9ab5a6593a1d73df387b3bac672f61c20614','Mozilla (Windows NT 10.0; Win64; x64; rv:64.0) Gecko Firefox'),(103,7,'39058ac2602ada94684d13d5dc28a160ecd3be6cbe074b5eadc5df42944f9028','Mozilla (Windows NT 10.0; Win64; x64; rv:64.0) Gecko Firefox'),(104,7,'c6bc193afeeb774a13cc9adf238fd908864262db88ce9643a641a01ad1d4c6e7','Mozilla (Windows NT 10.0; Win64; x64; rv:64.0) Gecko Firefox'),(106,7,'4464dcd6a50aaec19b92d1e8b264fb87f11ae52840c3e00c13edd22379a991ff','Mozilla (Windows NT 10.0; Win64; x64; rv:64.0) Gecko Firefox'),(107,7,'fe644cd63ac21430c6a40eff4f1a01f8a97a7fea3b0119cfd2430f16d3e58189','Mozilla (Windows NT 10.0; Win64; x64; rv:64.0) Gecko Firefox'),(108,7,'f2d2c9a91e9d873650e52b55416d25ebe199f0409a6fdba38c7e8f5bb410b67f','Mozilla (Windows NT 10.0; Win64; x64; rv:64.0) Gecko Firefox'),(109,7,'079ee324a0ff7189f5a7f297b70ce34d3ec94f9b146bf3bdebb58f93a7749332','Mozilla (Windows NT 10.0; Win64; x64; rv:64.0) Gecko Firefox'),(110,7,'40ad9e3ef1ea0cd18ff053704b6b8b7fd82d29094a16f936e64bab709c0f3b18','Mozilla (Windows NT 10.0; Win64; x64; rv:64.0) Gecko Firefox'),(111,7,'1b807367d7013cafe4101a2ef090fb32a66380c6c5248b40f0490baa324ccf31','Mozilla (Windows NT 10.0; Win64; x64; rv:64.0) Gecko Firefox'),(112,7,'b6bea5c1296d1b66999de9da9e6a8f16a10d31d78cba7cca8805118ca7b25d44','Mozilla (Windows NT 10.0; Win64; x64; rv:64.0) Gecko Firefox'),(113,7,'a6f53876a7eda7271797f66da8a95b6cb3c3e9a79e78501fe1bb1078c6c1d49e','Mozilla (Windows NT 10.0; Win64; x64; rv:64.0) Gecko Firefox'),(114,7,'8832ab6accca1506d33bfbd4b1ca0d37c6c0f0b22d49e5884f62d37e2eaf3707','Mozilla (Windows NT 10.0; Win64; x64; rv:64.0) Gecko Firefox'),(115,7,'0a2a9e301f670d632a96d451ea5cdfb6b4ddfd2ae67d72422de0f3e56d1833d2','Mozilla (Windows NT 10.0; Win64; x64; rv:64.0) Gecko Firefox'),(127,2,'1ed18a0d9efc380cbc50654e30a4f3cac44c6d66ba2b0762d8a1977b20b2cf72','Mozilla (Windows NT 6.1) AppleWebKit (KHTML, like Gecko) Chrome Safari'),(130,7,'04a9f984f0c73bdbfdb604281a004ad9dec0903661ce76a16ab40e3fcfc44a05','Mozilla (Windows NT 10.0; Win64; x64) AppleWebKit (KHTML, like Gecko) Chrome Safari Edge'),(132,2,'d5e192b609ba2d224d0f9e0aa0c6ee5d4c524bc49bc9ca6f4f0e95cae588f747','Mozilla (Macintosh; Intel Mac OS X 10_10_2) AppleWebKit (KHTML, like Gecko) Chrome Safari'),(133,2,'b616865c115ae25072f6923b4dd2caad3f9c13f9d5692961384ef5e662ea2192','Mozilla (X11; Fedora; Linux x86_64; rv:65.0) Gecko Firefox'),(135,7,'d23ef737230c453e246f6bbc7d25728be4b5d4e4eacaac47e4aa73ca914289fd','Mozilla (Windows NT 10.0; Win64; x64) AppleWebKit (KHTML, like Gecko) Chrome Safari Edge'),(136,7,'fc2355827939d7cf51caf6404e82f6a6fe3b613de8c5b3e91e1561c9bc650916','Mozilla (Windows NT 10.0; Win64; x64; rv:65.0) Gecko Firefox'),(137,7,'a13e308b1cd0165f558a3a2d9e92ddf1cf3db949739dfb4b2db6b0e430ede6c6','Mozilla (Windows NT 10.0; Win64; x64; rv:65.0) Gecko Firefox'),(143,2,'bb2e44f83af14905f352165847daa4fee8b563827a3099de84ed321607af731b','Mozilla (Windows NT 6.1; Win64; x64) AppleWebKit (KHTML, like Gecko) Chrome Safari'),(144,9,'2c46fa7db8d260be80485b2cb7164677572fcc9514141b9dfd220058c2bcc877','Mozilla (Windows NT 6.1) AppleWebKit (KHTML, like Gecko) Chrome Safari'),(145,9,'c3db7b7ed0ca4b5d63b558206118a5592171ad41a41d39f88846f05249864d18','Mozilla (Windows NT 10.0; Win64; x64) AppleWebKit (KHTML, like Gecko) Chrome Safari'),(146,2,'390bf8f8ef543de3578eada1a0b6e6a33213f2cd260cc682014f154949ba046f','Mozilla (Windows NT 6.1; WOW64) AppleWebKit (KHTML, like Gecko) Chrome Safari'),(147,9,'47098e61abdae04a0c8bfcc74133c55b4c5ec5f33e35cf2c53fe16e719d77ec1','Mozilla (Windows NT 10.0; Win64; x64) AppleWebKit (KHTML, like Gecko) Chrome Safari'),(148,2,'e78b89dcb798f01ddce305e6b863170c1dcc26b1f3f6b08406658e536b2bc10b','Mozilla (Windows NT 6.1; WOW64) AppleWebKit (KHTML, like Gecko) Chrome Safari'),(149,2,'f42fc39fd5575d4676af895047bea6c193901e693e50b339d2badeb778ca7191','Mozilla (Windows NT 6.1; WOW64) AppleWebKit (KHTML, like Gecko) Chrome Safari'),(150,2,'13c4b96a68e825d9244a1040f667344c3f79c7afc39e652caae516bd1a12aa63','Mozilla (Windows NT 6.1; WOW64) AppleWebKit (KHTML, like Gecko) Chrome Safari'),(152,2,'5b17e4b73de46a73bf57fb7d261ee92ea513e897ee74a38e2fc2ae1bb2373cec','Mozilla (Windows NT 6.1; WOW64) AppleWebKit (KHTML, like Gecko) Chrome Safari'),(153,2,'1584e7e78ee4126124e43eddc28039a2cc9c4968661a9936c25c88713fea437a','Mozilla (Windows NT 6.1; WOW64) AppleWebKit (KHTML, like Gecko) Chrome Safari'),(154,2,'f5ef75a554d537ca160ff6082894104c6c1c46c77bcc8d2a0c2add3d6c976320','Mozilla (Windows NT 6.1; WOW64) AppleWebKit (KHTML, like Gecko) Chrome Safari'),(155,2,'b881d7bf8230eac993cd8963c0345f40e97a9f7ef8afc646f580d3daf93d7ba6','Mozilla (Windows NT 6.1; WOW64) AppleWebKit (KHTML, like Gecko) Chrome Safari'),(156,2,'6dd9c02eb188a857b98eb204a83941f3abc43d4a235ee0fdef544736abb5ac9c','Mozilla (Windows NT 6.1; WOW64) AppleWebKit (KHTML, like Gecko) Chrome Safari'),(157,2,'c3762f997090919aa1f8153102f02e8aa4549e707814d9ebade822a44a89968e','Mozilla (Windows NT 6.1; WOW64) AppleWebKit (KHTML, like Gecko) Chrome Safari'),(158,9,'df76ccd255797dd927e0ff866681f4489e7a1d194de0976432faf5f792ae2a6f','Mozilla (Windows NT 10.0; Win64; x64) AppleWebKit (KHTML, like Gecko) Chrome Safari'),(160,1,'139554ae18b4665ccf66716c206364d177a6ed390a2cdfec268b022fee29a795','Mozilla (Windows NT 6.1; Win64; x64) AppleWebKit (KHTML, like Gecko) Chrome Safari'),(161,1,'c41fe2264955760c9dca609ec224632d873cd9fc6a2cc0c25b36bac148739f50','Mozilla (Windows NT 6.1) AppleWebKit (KHTML, like Gecko) Chrome Safari'),(162,2,'c40260c5688ca17371824bbf97ef208477f4a0107e6dc143395d29aa55a98c8a','Mozilla (Windows NT 6.1; WOW64) AppleWebKit (KHTML, like Gecko) Chrome Safari'),(163,9,'532a89edf92709efd6ac5f5318e1508a59cfe7ca075406e43d4e1f3696b77581','Mozilla (Windows NT 10.0; Win64; x64) AppleWebKit (KHTML, like Gecko) Chrome Safari'),(164,9,'b40ddce61af6a7fb6d92611e7a91bc79917a8c1963368e779e3b05d956ab8afb','Mozilla (Windows NT 10.0; Win64; x64) AppleWebKit (KHTML, like Gecko) Chrome Safari'),(165,9,'18c335fa6e60ab46e494816ca617c2c1e3de0fd64c60903cdf672942e7c0ee9c','Mozilla (Windows NT 10.0; Win64; x64) AppleWebKit (KHTML, like Gecko) Chrome Safari'),(167,9,'f2a3d617ccfd5219cefaf05cfb04f3bca4c0cb2d143f76a3e918888be478228a','Mozilla (Windows NT 10.0; Win64; x64; rv:67.0) Gecko Firefox'),(168,2,'6cbd558d0e235a9b0dd1ad2808bceae8298dff4a320c71ee5c44395a180a64dd','Mozilla (Windows NT 6.1; WOW64) AppleWebKit (KHTML, like Gecko) Chrome Safari'),(169,1,'ad47771a394416b854cc92d105acc4b5bfdcf41dd1b0ab4634286d3b0380e16b','Mozilla (Windows NT 6.1) AppleWebKit (KHTML, like Gecko) Chrome Safari'),(170,2,'07ea32e72074744024f2f6aadd2fe27bc0e2c88fda565b47736bec568f7a0938','Mozilla (Windows NT 6.1; WOW64) AppleWebKit (KHTML, like Gecko) Chrome Safari'),(171,2,'6a40696dd545db91d4070715b3a5c93c740a65980ef39291ae504f04dc37327f','Mozilla (Windows NT 6.1; Win64; x64) AppleWebKit (KHTML, like Gecko) Chrome Safari'),(172,2,'4b11f86343089a421a12b5ef2b163df9bab404d2b3b074e31df3b539e87c3c11','Mozilla (Windows NT 6.1) AppleWebKit (KHTML, like Gecko) Chrome Safari'),(173,2,'455ab652cce025a7b1b95fa96020eb62ce0cfee817416e0af82f25af2b2c2b13','Mozilla (Windows NT 6.1; WOW64) AppleWebKit (KHTML, like Gecko) Chrome Safari'),(174,2,'7f35963ff65b922da3eaba0be22a2118d2a0910426b366278c0dcdbb0bf32402','Mozilla (Windows NT 6.1; WOW64) AppleWebKit (KHTML, like Gecko) Chrome Safari'),(175,1,'1b88a8f64e887ec4a58ec1d5ff2958924c4662af1e9d68abcb4353670791b630','Mozilla (Windows NT 6.1) AppleWebKit (KHTML, like Gecko) Chrome Safari'),(176,2,'233ed46a3017e9e819aadaaada866b84cfe70e5eb7452652de09eff0ee5c9b88','Mozilla (Windows NT 6.1; Win64; x64) AppleWebKit (KHTML, like Gecko) Chrome Safari'),(177,2,'ffaae651b887c11c7f27c1c8b34f16f703d6d7a64d75201fcfdbac3f115d0222','Mozilla (Windows NT 6.1; Win64; x64) AppleWebKit (KHTML, like Gecko) Chrome Safari'),(178,2,'fe7ca29622ee98b3b904bdc1ee12ce9d465c819fa35fa18373b5ac88645882ee','Mozilla (Windows NT 6.1; WOW64) AppleWebKit (KHTML, like Gecko) Chrome Safari'),(179,2,'bcd66388d5406c4b7abd62675362c70c06ea1c7f82e5dd75ff98f49709f32ceb','Mozilla (Windows NT 6.1; WOW64) AppleWebKit (KHTML, like Gecko) Chrome Safari'),(180,2,'9f0eb47e1b0078e838247922a87a962608b942323254d6a320b9b5193d5036b1','Mozilla (Windows NT 6.1; WOW64) AppleWebKit (KHTML, like Gecko) Chrome Safari'),(181,2,'0baecf5b096aee5b8711323ab881b3ed80601740e48df3a1328a46ce6aaa580a','Mozilla (Windows NT 6.1; WOW64) AppleWebKit (KHTML, like Gecko) Chrome Safari'),(182,2,'ab0876e87d83561af8c2344757b3aa12279cc96d54f272cfdc5395a2ee72eb9b','Mozilla (Windows NT 6.1; Win64; x64) AppleWebKit (KHTML, like Gecko) Chrome Safari'),(183,2,'fdc19e0ad568802e2c220b7cfe12d816ac592afc3824fcfd389cea8d46d32003','Mozilla (Windows NT 6.1; WOW64) AppleWebKit (KHTML, like Gecko) Chrome Safari'),(184,2,'aabc1a4e25cd492498a124bcdd093639040275a498bf4d084b41f7cdfbe46c23','Mozilla (Windows NT 6.1; WOW64) AppleWebKit (KHTML, like Gecko) Chrome Safari'),(185,2,'ba97895d9316ba030a02ddb16d8d28f5f40a7a622b1e2068a352327914520b9c','Mozilla (Windows NT 6.1; WOW64) AppleWebKit (KHTML, like Gecko) Chrome Safari'),(186,2,'807699a79dd64b258affd41dac8bc65a418af60f778ccbcfd58eeaac600aa459','Mozilla (Windows NT 6.1; Win64; x64) AppleWebKit (KHTML, like Gecko) Chrome Safari'),(187,2,'408366b7b79c0a1ea692559b85b2a83cf427bcdcd9f2a326ddcc96472bf2b5af','Mozilla (Windows NT 6.1; WOW64) AppleWebKit (KHTML, like Gecko) Chrome Safari');
/*!40000 ALTER TABLE `users_session` ENABLE KEYS */;
UNLOCK TABLES;
/*!40103 SET TIME_ZONE=@OLD_TIME_ZONE */;

/*!40101 SET SQL_MODE=@OLD_SQL_MODE */;
/*!40014 SET FOREIGN_KEY_CHECKS=@OLD_FOREIGN_KEY_CHECKS */;
/*!40014 SET UNIQUE_CHECKS=@OLD_UNIQUE_CHECKS */;
/*!40101 SET CHARACTER_SET_CLIENT=@OLD_CHARACTER_SET_CLIENT */;
/*!40101 SET CHARACTER_SET_RESULTS=@OLD_CHARACTER_SET_RESULTS */;
/*!40101 SET COLLATION_CONNECTION=@OLD_COLLATION_CONNECTION */;
/*!40111 SET SQL_NOTES=@OLD_SQL_NOTES */;

-- Dump completed on 2019-10-29 12:11:42
